-- MySQL dump 10.13  Distrib 8.4.7, for Linux (x86_64)
--
-- Host: localhost    Database: practica_db
-- ------------------------------------------------------
-- Server version	8.4.7

/*!40101 SET @OLD_CHARACTER_SET_CLIENT=@@CHARACTER_SET_CLIENT */;
/*!40101 SET @OLD_CHARACTER_SET_RESULTS=@@CHARACTER_SET_RESULTS */;
/*!40101 SET @OLD_COLLATION_CONNECTION=@@COLLATION_CONNECTION */;
/*!50503 SET NAMES utf8mb4 */;
/*!40103 SET @OLD_TIME_ZONE=@@TIME_ZONE */;
/*!40103 SET TIME_ZONE='+00:00' */;
/*!40014 SET @OLD_UNIQUE_CHECKS=@@UNIQUE_CHECKS, UNIQUE_CHECKS=0 */;
/*!40014 SET @OLD_FOREIGN_KEY_CHECKS=@@FOREIGN_KEY_CHECKS, FOREIGN_KEY_CHECKS=0 */;
/*!40101 SET @OLD_SQL_MODE=@@SQL_MODE, SQL_MODE='NO_AUTO_VALUE_ON_ZERO' */;
/*!40111 SET @OLD_SQL_NOTES=@@SQL_NOTES, SQL_NOTES=0 */;

--
-- Table structure for table `alumnos`
--
USE practica_db;

DROP TABLE IF EXISTS `alumnos`;
/*!40101 SET @saved_cs_client     = @@character_set_client */;
/*!50503 SET character_set_client = utf8mb4 */;
CREATE TABLE `alumnos` (
  `birth_date` date NOT NULL,
  `id` int NOT NULL AUTO_INCREMENT,
  `dni` varchar(255) NOT NULL,
  `lastname` varchar(255) NOT NULL,
  `name` varchar(255) NOT NULL,
  PRIMARY KEY (`id`),
  UNIQUE KEY `UKf2c9i14wnebiikl4lldh5yam2` (`dni`)
) ENGINE=InnoDB AUTO_INCREMENT=12 DEFAULT CHARSET=utf8mb4 COLLATE=utf8mb4_0900_ai_ci;
/*!40101 SET character_set_client = @saved_cs_client */;

--
-- Dumping data for table `alumnos`
--

LOCK TABLES `alumnos` WRITE;
/*!40000 ALTER TABLE `alumnos` DISABLE KEYS */;
INSERT INTO `alumnos` VALUES ('2001-10-16',1,'1002963532','Mesa Martínez','Carlos David'),('1999-06-17',2,'4123413','Mesa Martínez','Sebastian'),('2002-06-20',3,'000099887','Riascos','Daniela'),('2001-01-16',4,'000099847','Bonilla','Anderson Camilo'),('2003-07-25',5,'000091847','Camcho Delgado','Julian Camilo'),('2002-09-22',6,'000011847','Guzman Anaya','Simon'),('2004-08-19',7,'000012847','Delgado','Juan Camilo'),('1992-07-23',8,'000015847','Martínez Ñañez','Aydee'),('1992-07-23',9,'000016847','Mesa','Carlos'),('1995-10-26',10,'001016847','Benitez','Santiago'),('1995-10-26',11,'001216847','Castro','Juan Camilo');
/*!40000 ALTER TABLE `alumnos` ENABLE KEYS */;
UNLOCK TABLES;

--
-- Table structure for table `materias`
--

DROP TABLE IF EXISTS `materias`;
/*!40101 SET @saved_cs_client     = @@character_set_client */;
/*!50503 SET character_set_client = utf8mb4 */;
CREATE TABLE `materias` (
  `code` int NOT NULL,
  `credits` int NOT NULL,
  `id` int NOT NULL AUTO_INCREMENT,
  `name` varchar(255) NOT NULL,
  PRIMARY KEY (`id`),
  UNIQUE KEY `UKo83jhan9rtr4wmvmbq9rrw2bw` (`code`),
  UNIQUE KEY `UKq52evdpnxkasm0xsugf72okxj` (`name`)
) ENGINE=InnoDB AUTO_INCREMENT=5 DEFAULT CHARSET=utf8mb4 COLLATE=utf8mb4_0900_ai_ci;
/*!40101 SET character_set_client = @saved_cs_client */;

--
-- Dumping data for table `materias`
--

LOCK TABLES `materias` WRITE;
/*!40000 ALTER TABLE `materias` DISABLE KEYS */;
INSERT INTO `materias` VALUES (42,5,1,'BIOLOGÍA'),(432,12,2,'MATEMÁTICAS'),(543,4,3,'SOCIALES'),(65,15,4,'SOFTWARE II');
/*!40000 ALTER TABLE `materias` ENABLE KEYS */;
UNLOCK TABLES;

--
-- Table structure for table `notas`
--

DROP TABLE IF EXISTS `notas`;
/*!40101 SET @saved_cs_client     = @@character_set_client */;
/*!50503 SET character_set_client = utf8mb4 */;
CREATE TABLE `notas` (
  `id` int NOT NULL AUTO_INCREMENT,
  `studentid` int NOT NULL,
  `subjectid` int NOT NULL,
  `value` double NOT NULL,
  `resgisterdate` datetime(6) NOT NULL,
  PRIMARY KEY (`id`),
  KEY `FK_NOTES_STUDENTS` (`studentid`),
  KEY `FK_NOTES_SUBJECTS` (`subjectid`),
  CONSTRAINT `FK_NOTES_STUDENTS` FOREIGN KEY (`studentid`) REFERENCES `alumnos` (`id`),
  CONSTRAINT `FK_NOTES_SUBJECTS` FOREIGN KEY (`subjectid`) REFERENCES `materias` (`id`)
) ENGINE=InnoDB AUTO_INCREMENT=168 DEFAULT CHARSET=utf8mb4 COLLATE=utf8mb4_0900_ai_ci;
/*!40101 SET character_set_client = @saved_cs_client */;

--
-- Dumping data for table `notas`
--

LOCK TABLES `notas` WRITE;
/*!40000 ALTER TABLE `notas` DISABLE KEYS */;
INSERT INTO `notas` VALUES (1,1,1,4.3,'2026-01-15 20:29:17.582659'),(2,1,1,3.2,'2026-01-15 20:29:22.578318'),(3,1,1,5,'2026-01-15 20:29:30.224390'),(4,1,1,2.1,'2026-01-15 20:29:37.243654'),(5,1,1,3.2,'2026-01-15 20:29:42.888830'),(6,1,2,2.4,'2026-01-15 20:29:50.649356'),(7,1,2,1.4,'2026-01-15 20:29:55.184779'),(8,1,2,3.1,'2026-01-15 20:29:59.085503'),(9,1,2,2.2,'2026-01-15 20:30:03.576823'),(10,1,3,1,'2026-01-15 20:30:09.413746'),(11,1,3,0.3,'2026-01-15 20:30:14.157967'),(12,1,3,4.9,'2026-01-15 20:30:20.798536'),(13,1,3,5,'2026-01-15 20:30:34.087577'),(14,1,1,3.5,'2026-01-16 01:36:49.000000'),(15,1,2,4.2,'2026-01-16 01:36:49.000000'),(16,1,3,2.8,'2026-01-16 01:36:49.000000'),(17,1,4,3.9,'2026-01-16 01:36:49.000000'),(18,1,1,4.6,'2026-01-16 01:36:49.000000'),(19,1,2,1.9,'2026-01-16 01:36:49.000000'),(20,1,3,3.1,'2026-01-16 01:36:49.000000'),(21,2,1,2.4,'2026-01-16 01:36:49.000000'),(22,2,2,3.7,'2026-01-16 01:36:49.000000'),(23,2,3,4.1,'2026-01-16 01:36:49.000000'),(24,2,4,1.8,'2026-01-16 01:36:49.000000'),(25,2,1,3,'2026-01-16 01:36:49.000000'),(26,2,2,4.9,'2026-01-16 01:36:49.000000'),(27,2,3,2.6,'2026-01-16 01:36:49.000000'),(28,3,1,4.8,'2026-01-16 01:36:49.000000'),(29,3,2,3.2,'2026-01-16 01:36:49.000000'),(30,3,3,2.5,'2026-01-16 01:36:49.000000'),(31,3,4,4,'2026-01-16 01:36:49.000000'),(32,3,1,1.7,'2026-01-16 01:36:49.000000'),(33,3,2,3.9,'2026-01-16 01:36:49.000000'),(34,3,3,4.4,'2026-01-16 01:36:49.000000'),(35,4,1,2,'2026-01-16 01:36:49.000000'),(36,4,2,3.3,'2026-01-16 01:36:49.000000'),(37,4,3,4.7,'2026-01-16 01:36:49.000000'),(38,4,4,2.9,'2026-01-16 01:36:49.000000'),(39,4,1,3.8,'2026-01-16 01:36:49.000000'),(40,4,2,1.6,'2026-01-16 01:36:49.000000'),(41,4,3,4.1,'2026-01-16 01:36:49.000000'),(42,5,1,3.1,'2026-01-16 01:36:49.000000'),(43,5,2,2.4,'2026-01-16 01:36:49.000000'),(44,5,3,4.9,'2026-01-16 01:36:49.000000'),(45,5,4,3.6,'2026-01-16 01:36:49.000000'),(46,5,1,1.8,'2026-01-16 01:36:49.000000'),(47,5,2,4.2,'2026-01-16 01:36:49.000000'),(48,5,3,2.7,'2026-01-16 01:36:49.000000'),(49,6,1,4,'2026-01-16 01:36:49.000000'),(50,6,2,3.5,'2026-01-16 01:36:49.000000'),(51,6,3,2.2,'2026-01-16 01:36:49.000000'),(52,6,4,4.6,'2026-01-16 01:36:49.000000'),(53,6,1,3.3,'2026-01-16 01:36:49.000000'),(54,6,2,1.9,'2026-01-16 01:36:49.000000'),(55,6,3,4.8,'2026-01-16 01:36:49.000000'),(56,2,1,2.4,'2026-01-16 01:38:52.000000'),(57,2,1,3.8,'2026-01-16 01:38:52.000000'),(58,2,1,4.5,'2026-01-16 01:38:52.000000'),(59,2,1,1.9,'2026-01-16 01:38:52.000000'),(60,2,2,3,'2026-01-16 01:38:52.000000'),(61,2,2,4.7,'2026-01-16 01:38:52.000000'),(62,2,2,2.6,'2026-01-16 01:38:52.000000'),(63,2,2,3.9,'2026-01-16 01:38:52.000000'),(64,2,3,4.2,'2026-01-16 01:38:52.000000'),(65,2,3,3.1,'2026-01-16 01:38:52.000000'),(66,2,3,2,'2026-01-16 01:38:52.000000'),(67,2,3,4.8,'2026-01-16 01:38:52.000000'),(68,2,4,3.4,'2026-01-16 01:38:52.000000'),(69,2,4,1.7,'2026-01-16 01:38:52.000000'),(70,2,4,4,'2026-01-16 01:38:52.000000'),(71,2,4,2.9,'2026-01-16 01:38:52.000000'),(72,3,1,4.8,'2026-01-16 01:38:52.000000'),(73,3,1,3.5,'2026-01-16 01:38:52.000000'),(74,3,1,2.2,'2026-01-16 01:38:52.000000'),(75,3,1,4.1,'2026-01-16 01:38:52.000000'),(76,3,2,3.6,'2026-01-16 01:38:52.000000'),(77,3,2,1.9,'2026-01-16 01:38:52.000000'),(78,3,2,4.4,'2026-01-16 01:38:52.000000'),(79,3,2,2.8,'2026-01-16 01:38:52.000000'),(80,3,3,4.9,'2026-01-16 01:38:52.000000'),(81,3,3,3.7,'2026-01-16 01:38:52.000000'),(82,3,3,2.5,'2026-01-16 01:38:52.000000'),(83,3,3,4,'2026-01-16 01:38:52.000000'),(84,3,4,3.2,'2026-01-16 01:38:52.000000'),(85,3,4,1.6,'2026-01-16 01:38:52.000000'),(86,3,4,4.6,'2026-01-16 01:38:52.000000'),(87,3,4,2.9,'2026-01-16 01:38:52.000000'),(88,4,1,2,'2026-01-16 01:38:52.000000'),(89,4,1,3.4,'2026-01-16 01:38:52.000000'),(90,4,1,4.7,'2026-01-16 01:38:52.000000'),(91,4,1,2.8,'2026-01-16 01:38:52.000000'),(92,4,2,3.9,'2026-01-16 01:38:52.000000'),(93,4,2,1.5,'2026-01-16 01:38:52.000000'),(94,4,2,4.1,'2026-01-16 01:38:52.000000'),(95,4,2,2.6,'2026-01-16 01:38:52.000000'),(96,4,3,4.3,'2026-01-16 01:38:52.000000'),(97,4,3,3,'2026-01-16 01:38:52.000000'),(98,4,3,2.1,'2026-01-16 01:38:52.000000'),(99,4,3,4.8,'2026-01-16 01:38:52.000000'),(100,4,4,3.7,'2026-01-16 01:38:52.000000'),(101,4,4,1.9,'2026-01-16 01:38:52.000000'),(102,4,4,4,'2026-01-16 01:38:52.000000'),(103,4,4,2.4,'2026-01-16 01:38:52.000000'),(104,5,1,3.1,'2026-01-16 01:38:52.000000'),(105,5,1,2.4,'2026-01-16 01:38:52.000000'),(106,5,1,4.5,'2026-01-16 01:38:52.000000'),(107,5,1,3.8,'2026-01-16 01:38:52.000000'),(108,5,2,4.2,'2026-01-16 01:38:52.000000'),(109,5,2,1.8,'2026-01-16 01:38:52.000000'),(110,5,2,3.6,'2026-01-16 01:38:52.000000'),(111,5,2,2.9,'2026-01-16 01:38:52.000000'),(112,5,3,4.9,'2026-01-16 01:38:52.000000'),(113,5,3,3.3,'2026-01-16 01:38:52.000000'),(114,5,3,2,'2026-01-16 01:38:52.000000'),(115,5,3,4.1,'2026-01-16 01:38:52.000000'),(116,5,4,3.5,'2026-01-16 01:38:52.000000'),(117,5,4,1.7,'2026-01-16 01:38:52.000000'),(118,5,4,4.6,'2026-01-16 01:38:52.000000'),(119,5,4,2.8,'2026-01-16 01:38:52.000000'),(120,6,1,4,'2026-01-16 01:38:52.000000'),(121,6,1,3.2,'2026-01-16 01:38:52.000000'),(122,6,1,2.6,'2026-01-16 01:38:52.000000'),(123,6,1,4.7,'2026-01-16 01:38:52.000000'),(124,6,2,3.5,'2026-01-16 01:38:52.000000'),(125,6,2,1.9,'2026-01-16 01:38:52.000000'),(126,6,2,4.1,'2026-01-16 01:38:52.000000'),(127,6,2,2.8,'2026-01-16 01:38:52.000000'),(128,6,3,4.8,'2026-01-16 01:38:52.000000'),(129,6,3,3.6,'2026-01-16 01:38:52.000000'),(130,6,3,2.3,'2026-01-16 01:38:52.000000'),(131,6,3,4,'2026-01-16 01:38:52.000000'),(132,6,4,3.3,'2026-01-16 01:38:52.000000'),(133,6,4,1.6,'2026-01-16 01:38:52.000000'),(134,6,4,4.5,'2026-01-16 01:38:52.000000'),(135,6,4,2.9,'2026-01-16 01:38:52.000000'),(136,7,1,2.7,'2026-01-16 01:38:52.000000'),(137,7,1,3.9,'2026-01-16 01:38:52.000000'),(138,7,1,4.4,'2026-01-16 01:38:52.000000'),(139,7,1,1.8,'2026-01-16 01:38:52.000000'),(140,7,2,3.1,'2026-01-16 01:38:52.000000'),(141,7,2,4.6,'2026-01-16 01:38:52.000000'),(142,7,2,2.5,'2026-01-16 01:38:52.000000'),(143,7,2,3.8,'2026-01-16 01:38:52.000000'),(144,7,3,4.2,'2026-01-16 01:38:52.000000'),(145,7,3,3.4,'2026-01-16 01:38:52.000000'),(146,7,3,2,'2026-01-16 01:38:52.000000'),(147,7,3,4.9,'2026-01-16 01:38:52.000000'),(148,7,4,3.6,'2026-01-16 01:38:52.000000'),(149,7,4,1.9,'2026-01-16 01:38:52.000000'),(150,7,4,4.1,'2026-01-16 01:38:52.000000'),(151,7,4,2.8,'2026-01-16 01:38:52.000000'),(152,8,1,3.8,'2026-01-16 01:38:52.000000'),(153,8,1,2.1,'2026-01-16 01:38:52.000000'),(154,8,1,4.7,'2026-01-16 01:38:52.000000'),(155,8,1,3.4,'2026-01-16 01:38:52.000000'),(156,8,2,4,'2026-01-16 01:38:52.000000'),(157,8,2,1.6,'2026-01-16 01:38:52.000000'),(158,8,2,3.5,'2026-01-16 01:38:52.000000'),(159,8,2,2.9,'2026-01-16 01:38:52.000000'),(160,8,3,4.6,'2026-01-16 01:38:52.000000'),(161,8,3,3.2,'2026-01-16 01:38:52.000000'),(162,8,3,2.4,'2026-01-16 01:38:52.000000'),(163,8,3,4.1,'2026-01-16 01:38:52.000000'),(164,8,4,3.7,'2026-01-16 01:38:52.000000'),(165,8,4,1.8,'2026-01-16 01:38:52.000000'),(166,8,4,4.9,'2026-01-16 01:38:52.000000'),(167,8,4,2.6,'2026-01-16 01:38:52.000000');
/*!40000 ALTER TABLE `notas` ENABLE KEYS */;
UNLOCK TABLES;
/*!40103 SET TIME_ZONE=@OLD_TIME_ZONE */;

/*!40101 SET SQL_MODE=@OLD_SQL_MODE */;
/*!40014 SET FOREIGN_KEY_CHECKS=@OLD_FOREIGN_KEY_CHECKS */;
/*!40014 SET UNIQUE_CHECKS=@OLD_UNIQUE_CHECKS */;
/*!40101 SET CHARACTER_SET_CLIENT=@OLD_CHARACTER_SET_CLIENT */;
/*!40101 SET CHARACTER_SET_RESULTS=@OLD_CHARACTER_SET_RESULTS */;
/*!40101 SET COLLATION_CONNECTION=@OLD_COLLATION_CONNECTION */;
/*!40111 SET SQL_NOTES=@OLD_SQL_NOTES */;

-- Dump completed on 2026-01-16  1:59:54
